Enactment Date,Act Number,Short Title,View,act_id,ik_cite_number
25-Mar-2016,18,"The Aadhaar (Targeted Delivery of Financial and Other Subsidies, Benefits and Services) Act, 2016.",View...,1,0
6-Feb-2012,13,"The Academy of Scientific and Innovative Research Act, 2011",View...,2,0
28-Dec-1960,64,"The Acquired Territories (Merger) Act, 1960",View...,3,1488142
3-Apr-1993,33,"The Acquisition of Certain Area at Ayodhya Act, 1993",View...,4,855945
27-Aug-2006,35,"The Actuaries Act, 2006",View...,5,445285
25-Mar-1986,19,"The Administrative Tribunals (Amendment) Act, 1986",View...,6,0
27-Feb-1985,13,"The Administrative Tribunals Act, 1985",View...,7,195735
11-Dec-1963,45,"The Administrators-General Act, 1963",View...,8,0
9-Aug-2017,22,"The Admiralty (Jurisdiction and Settlement of Maritime Claims) Act, 2017",View...,9,0
13-Sep-1976,107,"The Advocates (Amendment) Act, 1976",View...,10,0
19-May-1961,25,"The Advocates Act, 1961",View...,11,262262
14-Sep-2001,45,"The Advocates' Fund Act, 2001",View...,12,0
26-May-1983,13,"The African Development Bank Act, 1983",View...,13,17136590
4-Mar-1982,1,"The African Development Fund Act, 1982",View...,14,0
8-Jan-1986,2,"The Agricultural and Processed Food Products Export Development Authority Act, 1985",View...,15,0
24-Feb-1937,1,"The Agricultural Produce (Grading and Marking) Act, 1937",View...,16,26027
29-Mar-1981,14,"The Air (Prevention and Control of Pollution) Act, 1981",View...,17,82542966
30-Mar-1962,17,"The Air Corporations (Amendment)  Act, 1962",View...,18,0
21-Mar-1994,13,"The Air Corporations (Transfer of Undertakings and Repeal) Act, 1994",View...,19,304853
18-May-1950,45,"The Air Force Act, 1950",View...,20,1786905
9-Aug-1934,22,"The Aircraft Act, 1934",View...,21,356807
12-Sep-1994,55,"The Airports Authority of India Act, 1994",View...,22,1684050
5-Dec-2008,27,"The Airports Economic Regulatory Authority of India Act, 2008",View...,23,55952183
10-May-1950,42,"The Ajmer Tenancy and Land Records Act, 1950",View...,24,0
15-Jun-1972,34,"The Aligarh Muslim University (Amendment) Act, 1972",View...,25,0
31-Dec-1981,62,"The Aligarh Muslim University (Amendment) Act, 1981",View...,26,0
14-Sep-1920,40,"The Aligarh Muslim University Act, 1920",View...,27,892594
23-Dec-1987,52,"The All India Council for Technical Education Act, 1987",View...,28,0
2-Jun-1956,25,"The All-India Institutes of Medical Sciences Act, 1956",View...,29,0
29-Oct-1951,61,"The All-India Services Act, 1951",View...,30,0
2-Jun-1984,43,"The Aluminium Corporation of India Limited (Acquisition and Transfer of Aluminium Undertaking) Act, 1984",View...,31,0
22-Oct-1909,7,"The Anand Marriage Act, 1909",View...,32,125344553
28-Aug-1958,24,"The Ancient Monuments and Archaeological Sites and Remains Act, 1958",View...,33,981642
18-Mar-1904,7,"The Ancient Monuments Preservation Act, 1904",View...,34,22887815
24-Dec-1959,56,"The Andhra Pradesh and Madras (Alteration of Boundaries) Act, 1959",View...,35,1441671
22-Aug-1968,36,"The Andhra Pradesh and Mysore (Transfer of Territory) Act, 1968",View...,36,659709
11-Jan-2006,1,"The Andhra Pradesh Legislative Council Act, 2005",View...,37,264421
1-Mar-2014,6,"The Andhra Pradesh Reorganisation Act, 2014",View...,38,0
13-Nov-1982,71,"The Andhra Scientific Company Limited (Acquisition and Transfer of Undertakings) Act, 1982",View...,39,0
14-Sep-1953,30,"The Andhra State Act, 1953",View...,40,0
18-Dec-1981,48,"The Anti-Apartheid (United Nations Convention) Act, 1981",View...,41,0
13-May-2016,30,"The Anti-Hijacking Act, 2016.",View...,42,0
9-Sep-1972,52,"The Antiquities and Art Treasures Act, 1972",View...,43,764939
12-Dec-1961,52,"The Apprentices Act, 1961",View...,44,1039932
16-Aug-1996,26,"The Arbitration and Conciliation Act, 1996",View...,45,1306164
31-May-1972,20,"The Architects Act, 1972",View...,46,1653327
20-Mar-1947,15,"The Armed Forces (Emergency Duties) Act, 1947",View...,47,1464479
10-Sep-1990,21,"The Armed Forces (Jammu and Kashmir) Special Powers Act, 1990",View...,48,130722541
8-Dec-1983,34,"The Armed Forces (Punjab and Chandigarh) Special Powers Act, 1983",View...,49,109539168
11-Sep-1958,28,"The Armed Forces (Special Powers) Act, 1958",View...,50,188147149
25-Dec-2007,55,"The Armed Forces Tribunal Act, 2007",View...,51,50690063
23-Dec-1959,54,"The Arms Act, 1959",View...,52,0
20-May-1950,46,"The Army Act, 1950",View...,53,165229
28-Apr-1950,40,"The Army and Air Force (Disposal of Private Property) Act, 1950",View...,54,502610
14-Apr-1937,19,"The Arya Marriage Validation Act, 1937",View...,55,0
29-May-1966,18,"The Asian Development Bank Act, 1966",View...,56,0
23-Mar-1984,5,"The Asiatic Society Act, 1984",View...,57,0
1-Sep-1951,47,"The Assam (Alteration of Boundaries) Act, 1951",View...,58,0
7-Oct-1961,49,"The Assam Municipal (Manipur Amendment) Act, 1961",View...,59,0
29-Dec-1969,55,"The Assam Reorganisation (Meghalaya) Act, 1969",View...,60,743270
17-Mar-1941,5,"The Assam Rifles Act, 1941",View...,61,0
3-Nov-2006,47,"The Assam Rifles Act, 2006",View...,62,0
23-May-1989,23,"The Assam University Act, 1989",View...,63,0
15-Sep-1962,33,"The Atomic Energy Act, 1962",View...,64,0
29-Sep-1988,54,"The Auroville Foundation Act, 1988",View...,65,0
5-Dec-1973,50,"The Authoritative Texts (Central Laws) Act, 1973",View...,66,475914
30-Sep-1994,58,"The Babasaheb Bhimrao Ambedkar University Act, 1994",View...,67,1691997
1-Oct-1915,16,"The Banaras Hindu University Act, 1915",View...,68,0
1-Oct-1891,18,"The Bankers' Books Evidence Act, 1891",View...,69,1976331
31-Mar-1970,5,"The Banking Companies (Acquisition and Transfer of Undertakings) Act, 1970",View...,70,1232997
11-Jul-1980,40,"The Banking Companies (Acquisition and Transfer of Undertakings) Act, 1980",View...,71,126108319
19-Sep-1960,37,"The Banking Companies (Second Amendment) Act, 1960",View...,72,0
10-Mar-1949,10,"The Banking Regulation Act, 1949",View...,73,0
30-Nov-1966,32,"The Beedi and Cigar Workers (Conditions of Employment) Act, 1966",View...,74,1326446
22-May-1993,41,"The Beedi and Cigar Workers (Conditions of Employment) Amendment Act, 1993",View...,75,0
7-Apr-1976,56,"The Beedi Workers Welfare Cess Act, 1976",View...,76,239920
10-Apr-1976,62,"The Beedi Workers Welfare Fund  Act, 1976",View...,77,1880377
23-Jun-1971,20,"The Bengal Finance (Sales Tax) (Delhi Validation of Appointments and Proceedings) Act, 1971",View...,78,0
11-Mar-1887,12,"The Bengal, Agra and Assam Civil Courts Act, 1887",View...,79,854063
27-Aug-1993,49,"The Betwa River Board (Amendment) Act, 1993",View...,80,0
10-Apr-1976,63,"The Betwa River Board Act, 1976",View...,81,1809244
3-Sep-1988,44,"The Bharat Petroleum Corporation Limited (Determination of Conditions of Service of Employees ) Act, 1988",View...,82,0
29-Mar-1985,21,"The Bhopal Gas Leak Disaster (Processing of Claims) Act, 1985",View...,83,1510537
22-May-1968,24,"The Bihar and Uttar Pradesh (Alteration of Boundaries) Act, 1968",View...,84,538826
1-Sep-1956,40,"The Bihar and West Bengal (Transfer of Territories) Act, 1956",View...,85,1439808
25-Aug-2000,30,"The Bihar Reorganisation Act, 2000",View...,86,1054471
5-Feb-2003,18,"The Biological Diversity Act, 2002",View...,87,548841
27-Dec-1980,67,"The Bird and Company Limited (Acquisition and Transfer of Undertakings and Other Properties) Act, 1980",View...,88,0
8-Mar-1886,6,"The Births, Deaths and Marriages Registration Act, 1886",View...,89,601293
26-May-2015,22,"The Black Money (Undisclosed Foreign Income and Assets) and Imposition of Tax Act, 2015",View...,90,0
23-Feb-1923,5,"The Boilers Act, 1923",View...,91,1045374
19-Mar-1869,14,"The Bombay Civil Courts Act, 1869",View...,92,0
8-Sep-1948,52,"The Bombay Public Security Measure (Delhi Amendment) Act, 1948",View...,93,0
25-Apr-1960,11,"The Bombay Reorganisation Act, 1960",View...,94,0
14-Sep-1876,15,"The Bombay Revenue Jurisdiction Act, 1875",View...,95,0
28-Mar-1876,10,"The Bombay Revenue Jurisdiction Act, 1876",View...,96,0
9-Feb-1976,19,"The Bonded Labour System (Abolition) Act, 1976",View...,97,1189857
2-Sep-1968,47,"The Border Security Force Act, 1968",View...,98,181955
1-Sep-1980,46,"The Brahmaputra Board Act, 1980",View...,99,0
8-Dec-1978,41,"The Britannia Engineering Company Limited (Mokameh Unit) and the Arthur Butler and Company (Muzaffarpore) Limited (Acquisition and Transfer of Undertakings) Act, 1978",View...,100,0
11-Sep-1981,29,"The British India Corporation Limited (Acquisition of Shares) Act, 1981",View...,101,0
19-Aug-1996,28,"The Building and Other Construction Workers  Welfare Cess Act, 1996",View...,102,0
19-Aug-1996,27,"The Building and Other Construction Workers (Regulation of Employment and Conditions of Service) Act, 1996",View...,103,0
21-Mar-2016,11,"The Bureau of Indian Standards Act, 2016.",View...,104,0
25-Mar-1995,7,"The Cable Television Networks (Regulation) Act, 1995",View...,105,1776076
18-Dec-1953,41,"The Calcutta High Court (Extension of Jurisdiction) Act, 1953",View...,106,0
17-Sep-1919,15,"The Calcutta High Court (Jurisdictional Limits) Act, 1919",View...,107,0
16-Feb-1985,10,"The Calcutta Metro Railway (Operation and Maintenance) Temporary Provisions Act, 1985",View...,108,0
16-Apr-1948,33,"The Calcutta Port (Pilotage) Act, 1948",View...,109,589455
18-Dec-1957,46,"The Cantonments (Extension of Rent Control Laws) Act, 1957",View...,110,1623315
5-Mar-1923,6,"The Cantonments (House Accommodation) Act, 1923",View...,111,0
13-Sep-2006,41,"The Cantonments Act, 2006",View...,112,229158
9-Apr-1973,17,"The Capital of Punjab (Development and Regulation) (Chandigarh Amendment) Act, 1973",View...,113,0
9-Dec-1965,42,"The Cardamom Act, 1965",View...,114,532682
19-Dec-1972,69,"The Carriage by Air Act, 1972",View...,115,843522
29-Sep-2007,41,"The Carriage by Road Act, 2007",View...,116,53171702
14-Jan-1865,3,"The Carriers Act, 1865",View...,117,0
13-Jan-1871,1,"The Cattle-Trespass Act, 1871",View...,118,71679
3-Sep-1948,37,"The Census Act, 1948",View...,119,774283
26-Dec-1992,40,"The Central Agricultural University Act, 1992",View...,120,1841878
30-Dec-1963,54,"The Central Boards of Revenue Act, 1963",View...,121,76600
3-Jan-2007,5,"The Central Educational Institutions (Reservation in Admission) Act, 2006",View...,122,170384168
24-Feb-1944,1,The Central Excises Act 1944,View...,123,0
12-Feb-1980,6,"The Central Excises and Salt and Additional Duties of Excise (Amendment) Act, 1980",View...,124,0
23-Aug-2017,26,"The Central Goods and Services Tax (Extension to Jammu and Kashmir) Act, 2017",View...,125,0
12-Apr-2017,12,"The Central Goods and Services Tax Act, 2017",View...,126,0
29-Dec-1999,40,"The Central Industrial Security Force (Amendment and Validation) Act, 1999",View...,127,0
2-Dec-1968,50,"The Central Industrial Security Force  Act, 1968",View...,128,242448
27-May-1993,44,"The Central Laws (Extension to Arunachal Pradesh) Act, 1993",View...,129,251080
24-May-1968,25,"The Central Laws (Extension to Jammu and Kashmir) Act, 1968",View...,130,0
28-Dec-1949,66,"The Central Reserve Police Force Act, 1949",View...,131,1033710
27-Dec-2000,54,"The Central Road Fund Act, 2000",View...,132,1993078
30-Nov-1972,61,"The Central Sales Tax (Amendment)  Act, 1972",View...,133,0
20-Sep-1948,61,"The Central Silk Board Act, 1948",View...,134,637824
20-Mar-2009,25,"The Central Universities Act, 2009",View...,135,0
11-Sep-2003,45,"The Central Vigilance Commission Act, 2003",View...,136,1166317
4-Apr-1992,16,"The Cess and Other Taxes on Minerals (Validation) Act, 1992",View...,137,222795
3-Jan-1988,2,"The Chandigarh (Delegation of Powers) Act, 1987",View...,138,0
8-Dec-1983,33,"The Chandigarh Disturbed Areas Act, 1983",View...,139,241270
17-Aug-1982,36,"The Chaparmukh-Silghat Railway Line and the Katakhal-Lalabazar Railway Line (Nationalisation) Act, 1982",View...,140,0
20-Mar-1920,14,"The Charitable and Religious Trusts Act, 1920",View...,141,70224545
17-Mar-1890,6,"The Charitable Endowments Act, 1890",View...,142,495092
1-May-1949,38,"The Chartered Accountants Act, 1949",View...,143,1826871
26-Aug-2000,34,"The Chemical Weapons Convention Act, 2000",View...,144,1316179
23-Dec-1986,61,"The Child and Adolescent Labour (Prohibition and Regulation) Act, 1986",View...,145,0
24-Feb-1933,2,"The Children (Pledging of Labour) Act, 1933",View...,146,1461387
19-Aug-1982,40,"The Chit Funds Act, 1982",View...,147,194827648
27-Sep-1899,23,"The Church of Scotland Kirk Sessions Act, 1899",View...,148,1591725
18-May-2003,34,"The Cigarettes and Other Tobacco Products (Prohibition of Advertisement and Regulation of Trade and Commerce, Production, Supply and Distribution) Act, 2003",View...,149,0
24-Dec-1981,50,"The Cine-workers and Cinema Theatre Workers (Regulation of Employment) Act, 1981",View...,150,943681
17-Sep-1981,33,"The Cine-workers Welfare Fund Act, 1981",View...,151,504480
28-May-1973,25,"The Cinematograph (Amendment) Act, 1973",View...,152,0
21-Mar-1952,37,"The Cinematograph Act, 1952",View...,153,980182
30-Dec-1955,57,"The Citizenship Act, 1955",View...,154,305990
24-May-1968,27,"The Civil Defence Act, 1968",View...,155,272958
21-Sep-2010,38,"The Civil Liability for Nuclear Damage Act, 2010",View...,156,0
18-Aug-2010,23,"The Clinical Establishments (Registration and Regulation) Act, 2010",View...,157,0
1-Mar-1912,2,"The Co-operative Societies Act, 1912",View...,158,108006076
8-Jun-1957,20,"The Coal Bearing Areas (Acquisition and Development) Act, 1957",View...,159,0
9-May-1959,17,"The Coal Grading Board (Repeal) Act, 1959",View...,160,1202900
8-Dec-2000,45,"The Coal India (Regulation of Transfers and Validation) Act, 2000",View...,161,86541
26-Aug-1974,28,"The Coal Mines (Conservation and Development) Act, 1974",View...,162,838134
30-Mar-2015,11,"The Coal Mines (Special Provisions) Act, 2015",View...,163,0
23-May-1986,27,"The Coal Mines Labour Welfare Fund (Repeal) Act, 1986",View...,164,0
3-Sep-1948,46,"The Coal Mines Provident Fund and Miscellaneous Provisions Act, 1948",View...,165,453547
18-Aug-1978,30,"The Coast Guard Act, 1978",View...,166,141677
23-Jun-2005,24,"The Coastal Aquaculture Authority Act, 2005",View...,167,948969
27-Aug-1838,19,"The Coasting vessels Act, 1838",View...,168,0
17-Mar-1979,5,"The Coconut Development Board Act, 1979",View...,169,1578520
21-Mar-1908,5,"The Code of Civil Procedure, 1908",View...,170,0
26-Dec-1980,63,"The Code of Criminal Procedure (Amendment) Act, 1980",View...,171,0
25-Jan-1974,2,"The Code of Criminal Procedure Act, 1973",View...,172,0
2-Mar-1942,7,"The Coffee Act, 1942",View...,173,106706913
1-Sep-2011,11,"The Coinage Act, 2011",View...,174,0
23-Dec-1953,45,"The Coir Industry Act, 1953",View...,175,174313249
7-Jan-2009,7,"The Collection of Statistics Act, 2008",View...,176,1501815
14-May-1891,16,"The Colonial Courts of Admiralty (India) Act, 1891",View...,177,1568486
31-Dec-2016,4,"The Commercial Courts Act, 2015",View...,178,0
26-Sep-1939,30,"The Commercial Documents Evidence Act, 1939",View...,179,627716
3-Jan-1988,3,"The Commission of Sati (Prevention ) Act, 1987",View...,180,0
20-Jan-2006,4,"The Commissions for Protection of Child Rights Act, 2005",View...,181,506243
14-Aug-1952,60,"The Commissions of Inquiry Act, 1952",View...,182,1788561
17-Oct-1951,54,"The Companies (Donations to National Funds) Act, 1951",View...,183,1905130
2-May-1964,7,"The Companies (Profits) Surtax Act, 1964",View...,184,337865
29-Aug-2013,18,"The Companies Act, 2013",View...,185,0
10-Dec-1980,56,"The Company Secretaries Act, 1980",View...,186,116962889
3-Aug-2016,38,"The Compensatory Afforestation Fund Act, 2016.",View...,187,0
13-Jan-2003,12,"The Competition Act, 2002",View...,188,1113485
15-Dec-1971,56,"The Comptroller Auditor-General s (Duties, Powers and Conditions of Service) Act, 1971",View...,189,0
22-May-1963,21,"The Compulsory Deposit Scheme Act, 1963",View...,190,1652403
13-Dec-1974,52,"The Conservation of Foreign Exchange and Prevention of Smuggling Activities Act, 1974",View...,191,135830564
24-Dec-1986,68,"The Consumer Protection Act, 1986",View...,192,1733066
24-Dec-1971,70,"The Contempt of Courts Act, 1971",View...,193,1396751
14-Aug-1950,49,"The Contingency Fund of India Act, 1950",View...,194,1979094
3-Sep-1948,38,"The Continuance of Legal Proceedings Act, 1948",View...,195,318251
5-Sep-1970,37,"The Contract Labour (Regulation and Abolition) Act, 1970",View...,196,1810788
14-Jan-2003,13,"The Control of National Highways (Land and Traffic) Act, 2002",View...,197,0
4-Jun-1957,14,"The Copyright Act, 1957",View...,198,1136195
19-May-1959,23,"The Cost and Works Accountants Act, 1959",View...,199,1625547
16-Dec-1967,28,"The Court-fees (Delhi Amendment) Act, 1967",View...,200,0
11-Mar-1870,7,"The Court-Fees Act, 1870",View...,201,138097064
23-Jun-2005,30,"The Credit Information Companies (Regulation) Act, 2005.",View...,202,0
19-Dec-1932,23,"The Criminal Law (Amendment) Act, 1932",View...,203,0
3-Sep-1966,22,"The Criminal Law Amendment (Amending) Act, 1966",View...,204,0
13-Dec-1962,52,"The Customs Act,1962",View...,205,0
11-May-1982,15,"The Customs Tariff (Amendment) Act, 1982",View...,206,0
8-Apr-1938,10,"The Cutchi Memons Act, 1938",View...,207,1559584
2-Sep-1961,35,"The Dadra and Nagar Haveli Act, 1961",View...,208,0
12-May-1964,14,"The Dakshina Bharat Hindi Prachar Sabha Act, 1964",View...,209,0
27-Mar-1948,14,"The Damodar Valley Corporation Act, 1948",View...,210,1582229
12-Dec-1962,51,"The Defence of India Act, 1962",View...,211,0
28-Aug-1961,30,"The Delhi (Urban Areas)  Tenant's Relief Act, 1961",View...,212,0
30-Nov-1968,49,"The Delhi and Ajmer Rent Control (Nasirabad Cantonment Repeal) Act, 1968",View...,213,0
15-Apr-1952,38,"The Delhi and Ajmer Rent Control Act, 1952",View...,214,0
24-Sep-1948,66,"The Delhi and Ajmer-Merwara Land Development Act, 1948",View...,215,0
23-Dec-1986,58,"The Delhi Apartment Ownership Act, 1986",View...,216,0
17-Jun-1972,35,"The Delhi Co-operative Societies Act, 1972",View...,217,0
27-Dec-1957,61,"The Delhi Development Act, 1957",View...,218,0
12-Dec-1986,56,"The Delhi Fire Prevention and Fire Safety Act, 1986",View...,219,0
2-Jul-1980,37,"The Delhi High Court (Amendment) Act, 1980",View...,220,0
5-Sep-1966,26,"The Delhi High Court Act, 1966",View...,221,0
22-Apr-1949,24,"The Delhi Hotels (Control of Accommodation) Act, 1949",View...,222,0
26-Aug-1960,24,"The Delhi Land Holdings (Ceiling) Act, 1960",View...,223,0
18-Mar-1966,1,"The Delhi Land Reforms (Amendment) Act, 1966",View...,224,0
14-Jun-1972,30,"The Delhi Lands (Restrictions on Transfer) Act, 1972",View...,225,0
19-May-2006,22,"The Delhi Laws (Special Provisions) Act, 2006",View...,226,322632
15-Dec-1962,57,"The Delhi Motor Vehicles Taxation Act, 1962",View...,227,1152907
28-Dec-1957,66,"The Delhi Municipal Corporation Act, 1957",View...,228,0
27-Aug-1978,34,"The Delhi Police Act, 1978",View...,229,190803
20-Sep-1960,39,"The Delhi Primary Education Act, 1960",View...,230,0
23-Aug-1995,33,"The Delhi Rent Act, 1995",View...,231,679372
8-Apr-1941,12,"The Delhi Restriction of Uses of Land Act, 1941",View...,232,0
7-Aug-1975,43,"The Delhi Sales Tax Act, 1975",View...,233,0
9-Apr-1973,18,"The Delhi School Education Act, 1973",View...,234,0
30-Dec-1971,82,"The Delhi Sikh Gurdwaras Act, 1971",View...,235,733461
19-Nov-1946,25,"The Delhi Special Police Establishment Act, 1946",View...,236,1692639
15-Mar-1922,8,"The Delhi University Act, 1922",View...,237,0
1-Jan-1974,1,"The Delhi Urban Art Commission Act, 1973",View...,238,0
3-Jun-2002,33,"The Delimitation Act, 2002",View...,239,355944
20-May-1954,27,"The Delivery of Books and Newspapers (Public Libraries) Act, 1954",View...,240,414420
29-Mar-1948,16,"The Dentists Act, 1948",View...,241,958241
31-May-1972,18,"The Departmental Inquiries (Enforcement of Attendance of Witnesses and Production of Documents) Act, 1972",View...,242,0
8-Apr-1976,59,"The Departmentalisation of Union Accounts (Transfer of Personnel) Act, 1976",View...,243,0
7-Dec-1961,47,"The Deposit Insurance and Credit Guarantee Corporation Act, 1961",View...,244,0
10-Aug-1996,22,"The Depositories Act, 1996",View...,245,531893
25-May-2000,16,"The Designs Act, 2000",View...,246,931654
28-Feb-1917,5,"The Destruction of Records Act, 1917",View...,247,1315964
31-Mar-1992,12,"The Destructive Insects and Pests (Amendment and Validation) Act, 1992",View...,248,0
3-Feb-1914,2,"The Destructive Insects and Pests Act, 1914",View...,249,1468942
13-Mar-1973,2,"The Diplomatic and Consular Officers (Oaths and Fees) (Extension to Jammu and Kashmir) Act, 1973",View...,250,969502
3-Sep-1948,41,"The Diplomatic and Consular Officers (Oaths and Fees) Act, 1948",View...,251,1527072
29-Aug-1972,43,"The Diplomatic Relations (Vienna Convention) Act, 1972",View...,252,1919461
23-Dec-2005,53,"The Disaster Management Act, 2005",View...,253,1166740
27-Feb-1960,2,"The Displaced Persons (Compensation and Rehabilitation) Amendment Act, 1960",View...,254,0
17-Mar-1939,8,"The Dissolution of Muslim Marriages Act, 1939",View...,255,1458498
11-Jun-1976,77,"The Disturbed Areas (Special Courts) Act, 1976",View...,256,1626682
26-Jan-1869,4,"The Divorce Act, 1869",View...,257,806295
18-Aug-1997,31,"The Dock Workers (Regulation of Employment) (Inapplicability to Major Ports) Act, 1997",View...,258,737459
4-Mar-1948,9,"The Dock Workers (Regulation of Employment) Act, 1948",View...,259,1139462
29-Nov-1980,49,"The Dock Workers (Regulation of Employment) Amendment Act, 1980",View...,260,0
7-Dec-1986,54,"The Dock Workers (Safety, Health and Welfare) Act, 1986",View...,261,0
20-May-1961,28,"The Dowry Prohibition Act, 1961",View...,262,1763444
28-May-2016,32,"The Dr. Rajendra Prasad Central Agricultural University Act, 2016.",View...,263,0
10-Apr-1940,23,"The Drugs and Cosmetics Act, 1940",View...,264,1891720
30-Apr-1954,21,"The Drugs and Magic Remedies (Objectionable Advertisement) Act, 1954",View...,265,0
14-Oct-1955,36,"The Durgah khawaja Saheb Act, 1955",View...,266,0
6-Mar-1891,8,"The Easements (Extending Act 5 of 1882), 1891",View...,267,0
21-Aug-1982,42,"The East Punjab Urban Rent Restriction (Chandigarh Amendment) Act, 1982",View...,268,0
20-Dec-1974,54,"The East Punjab Urban Rent Restriction Act (Extension to Chandigarh) Act, 1974",View...,269,0
27-Mar-1974,12,"The Economic Offences (Inapplicability of Limitation)  Act, 1974",View...,270,767253
25-Jan-1991,11,"The Election Commission (Conditions of Service of Election Commissioners and Transaction of Business) Act, 1991",View...,271,0
25-Jan-1976,10,"The Election Laws (Extension to Sikkim) Act, 1976",View...,272,1818248
26-May-2003,36,"The Electricity Act, 2003",View...,273,0
1-Mar-1950,12,"The Emblems and Names (Prevention of Improper Use) Act, 1950",View...,274,126816437
10-Dec-1971,50,"The Emergency Risks (Goods) Insurance Act, 1971",View...,275,0
10-Dec-1971,51,"The Emergency Risks (Undertakings) Insurance Act, 1971",View...,276,0
10-Sep-1983,31,"The Emigration Act, 1983",View...,277,99408546
5-Mar-1923,8,"The Employee's Compensation Act, 1923",View...,278,6559712
4-Mar-1952,19,"The Employees Provident Funds and Miscellaneous Provisions Act, 1952",View...,279,0
19-Apr-1948,34,"The Employees State Insurance Act, 1948",View...,280,0
2-Sep-1959,31,"The Employment Exchanges (Compulsory Notification of Vacancies) Act, 1959",View...,281,201689
5-Jun-1993,46,"The Employment of Manual Scavengers and Construction of Dry Latrines (Prohibition) Act, 1993",View...,282,872156
20-Aug-1968,34,"The Enemy Property Act, 1968",View...,283,1510187
29-Sep-2001,52,"The Energy Conservation Act, 2001",View...,284,755257
10-Jan-2007,7,"The English and Foreign Languages University Act, 2006",View...,285,1003813
23-May-1986,29,"The Environment (Protection) Act, 1986",View...,286,182701402
4-Feb-1897,3,"The Epidemic Diseases Act, 1897",View...,287,1005961
11-Feb-1976,25,"The Equal Remuneration Act, 1976",View...,288,1399782
1-Apr-1955,10,"The Essential Commodities Act, 1955",View...,289,774360
10-Sep-1948,58,"The Exchange of Prisoners Act, 1948",View...,290,49194
14-Sep-1987,35,"The Expenditure-tax Act, 1987",View...,291,0
8-Jun-1908,6,"The Explosive Substances Act, 1908",View...,292,1568384
26-Feb-1884,4,"The Explosives Act, 1884",View...,293,176528
24-Aug-1963,22,"The Export (Quality Control and Inspection) Act, 1963",View...,294,954428
11-Sep-1981,28,"The Export-Import Bank of India Act, 1981",View...,295,1084575
15-Sep-1962,34,"The Extradition Act, 1962",View...,296,1502630
23-Sep-1948,63,"The Factories Act, 1948",View...,297,1955064
22-Jan-2012,12,"The Factoring Regulation Act, 2011",View...,298,0
14-Sep-1984,66,"The Family Courts Act, 1984",View...,299,373687
28-Dec-1956,90,"The Faridabad Development Corporation Act, 1956",View...,300,941434
27-Mar-1855,13,"The Fetal Accidents Act, 1855",View...,301,0
16-May-1951,33,"The Finance Commission (Miscellaneous Provisions) Act, 1951",View...,302,269107
26-Aug-2003,39,"The Fiscal Responsibility and Budget Management Act, 2003",View...,303,181047733
10-Dec-1964,37,"The Food Corporations Act, 1964",View...,304,644473
23-Aug-2006,34,"The Food Safety and Standards Act, 2006",View...,305,1766145
4-Aug-2017,20,"The Footwear Design and Development Institute Act, 2017",View...,306,0
11-Jun-2002,36,"The Foreign Aircraft (Exemption from Taxes and Duties on Fuel and Lubricants) Act, 2002",View...,307,1370000
26-Sep-2010,42,"The Foreign Contribution (Regulation) Act, 2010",View...,308,1234174
29-Dec-1999,42,"The Foreign Exchange Management Act, 1999",View...,309,600757
31-Aug-1969,33,"The Foreign Marriage Act, 1969",View...,310,660591
7-Aug-1992,22,"The Foreign Trade (Development and Regulation) Act, 1992",View...,311,137887
23-Nov-1946,31,"The Foreigners Act, 1946",View...,312,27376
24-Nov-1962,42,"The Foreigners Law (Application and Amendment) Act, 1962",View...,313,8167
27-Dec-1980,69,"The Forest (Conservation) Act, 1980",View...,314,1436914
21-Sep-1972,59,"The Former Secretary of State Service Officers (Conditions of Service) Act, 1972",View...,315,0
26-Dec-1952,74,"The Forward Contracts (Regulation) Act, 1952",View...,316,1771012
31-Jul-2018,17,"The Fugitive Economic Offenders Act, 2018",View...,317,0
11-Mar-1897,10,"The General Clauses Act, 1897",View...,318,905940
20-Sep-1972,57,"The General Insurance Business (Nationalisation) Act, 1972",View...,319,66497243
12-Mar-1960,6,"The Geneva Conventions Act, 1960",View...,320,1954823
30-Dec-1999,48,"The Geographical Indications of Goods (Registration and Protection) Act, 1999",View...,321,1463915
1-Apr-1958,18,"The Gift-tax Act, 1958",View...,322,641852
27-Mar-1962,1,"The Goa, Daman and Diu (Administration) Act, 1962",View...,323,1980025
25-Sep-1965,30,"The Goa, Daman and Diu (Extension of the Code of Civil Procedure and the Arbitration Act) Act, 1965",View...,324,0
23-May-1987,16,"The Goa, Daman and Diu Mining Concessions (Abolition and Declaration as Mining Leases) Act, 1987",View...,325,0
23-May-1987,18,"The Goa, Daman and Diu Reorganisation Act, 1987",View...,326,0
24-Jun-1971,21,"The Gold (Control) Amendment Act, 1971",View...,327,0
2-Apr-1993,25,"The Gold Bonds (Immunities and Exemptions) Act, 1993",View...,328,1914427
12-Apr-2017,15,"The Goods and Services Tax (Compensation to States) Act, 2017",View...,329,0
3-Feb-1899,4,"The Government Buildings Act, 1899",View...,330,266796
25-Oct-1892,10,"The Government Managemnet of Private Estates Act, 1892",View...,331,0
2-Jan-1992,1,"The Government of National Capital Territory of Delhi Act, 1991",View...,332,978436
8-May-1984,19,"The Government of Union Territories (Amendment) Act, 1984",View...,333,0
10-May-1963,20,"The Government of Union Territories Act, 1963",View...,334,1154689
28-Jan-1873,5,"The Government Savings Banks Act, 1873",View...,335,1512271
18-Sep-1959,46,"The Government Savings Certificates Act, 1959",View...,336,487759
30-Aug-2006,38,"The Government Securities Act, 2006",View...,337,1393639
28-Aug-1982,43,"The Governors (Emoluments, Allowances and Privileges) Act, 1982",View...,338,0
7-Jan-2009,4,"The Gram Nyayalayas Act, 2008",View...,339,69849624
20-Dec-1977,42,"The Gresham and Craven of India (Private) Limited (Acquisition and Transfer of Undertakings) Act, 1977",View...,340,0
21-Mar-1890,8,"The Guardians and Wards Act, 1890",View...,341,1874830
11-Jun-2002,35,"The Haj Committee Act, 2002",View...,342,0
29-Mar-1985,22,"The Handlooms (Reservation of Articles for Production) Act, 1985",View...,343,0
2-Apr-1970,16,"The Haryana and Punjab Agricultural Universities Act, 1970",View...,344,0
11-Jun-1979,31,"The Haryana and Uttar Pradesh (Alteration of Boundaries) Act, 1979",View...,345,0
9-Sep-1981,26,"The High Court at Bombay (Extension of Jurisdiction to Goa, Daman and Diu) Act, 1981",View...,346,0
8-Apr-1976,57,"The High Court at Patna (Establishment of a Permanent Bench at Ranchi) Act, 1976",View...,347,0
20-May-1954,28,"The High Court Judges Salaries and Conditions of Service Act, 1954",View...,348,0
27-Feb-1950,7,"The High Courts (Seals) Act, 1950",View...,349,0
30-Mar-1978,11,"The High Denomination Bank Notes (Demonetisation) Act, 1978",View...,350,0
28-May-1954,32,"The Himachal Pradesh and Bilaspur (New State) Act, 1954",View...,351,0
30-Dec-1958,56,"The Himachal Pradesh Legislative Assembly (Constitution and Proceedings) Validation Act, 1958",View...,352,0
27-Dec-1980,70,"The Hind Cycles Limited and Sen-Raleigh Limited (Nationalisation) Act, 1980",View...,353,0
30-Mar-1962,13,"The Hindi Sahitya Sammelan Act, 1962",View...,354,0
21-Dec-1956,78,"The Hindu Adoptions and Maintenance  Act, 1956",View...,355,0
28-Sep-1916,15,"The Hindu Disposition of Property Act, 1916",View...,356,0
25-Jul-1930,30,"The Hindu Gains of Learning Act, 1930",View...,357,0
6-May-1960,19,"The Hindu Marriage (Validation of Proceedings) Act, 1960",View...,358,0
18-May-1955,25,"The Hindu Marriage Act, 1955",View...,359,0
25-Aug-1956,32,"The Hindu Minority and Guardianship Act, 1956",View...,360,0
17-Jun-1956,30,"The Hindu Succession Act, 1956",View...,361,0
19-Dec-1973,59,"The Homoeopathy Central Council  Act, 1973",View...,362,0
23-Aug-1984,55,"The Hooghly Docking and Engineering Company Limited (Acquisition and Transfer of Undertakings) Act, 1984",View...,363,0
9-Dec-1980,54,"The Hotel-Receipts Tax Act, 1980",View...,364,0
20-Apr-2017,16,"The Human Immunodeficiency Virus and Acquired Immune Deficiency Syndrome (Prevention and Control) Act, 2017",View...,365,0
9-Sep-1920,33,"The Identification of Prisoners Act, 1920",View...,366,1747275
25-Dec-1983,39,"The Illegal Migrants (Determination by Tribunals) Act, 1983",View...,367,815726
1-Mar-1950,10,"The Immigrants (Expulsion from Assam) Act, 1950",View...,368,1523917
11-Dec-2000,52,"The Immigration (carriers Liability) Act, 2000",View...,369,0
30-Dec-1956,104,"The Immoral Traffic (Prevention) Act, 1956",View...,370,69064674
31-Mar-1984,17,"The Inchek Tyres Limited and National Rubber Manufacturers Limited (Nationalisation) Act, 1984",View...,371,0
13-Sep-1961,43,"The Income-tax Act, 1961",View...,372,0
23-Dec-1986,60,"The Indecent Representation of Women (Prohibition) Act, 1986",View...,373,34053555
4-Jun-1851,8,"The India Tolls Act, 1851",View...,374,0
9-Sep-1926,38,"The Indian Bar Councils Act, 1926",View...,375,214169
11-Apr-1856,9,The Indian Bills of Landing Act 1856,View...,376,0
21-Sep-1925,26,"The Indian Carriage of Goods by Sea Act, 1925",View...,377,1914211
18-Jul-1872,15,"The Indian Christian Marriage Act, 1872",View...,378,1166543
25-Apr-1872,9,"The Indian Contract Act, 1872",View...,379,171398
3-Sep-2001,29,"The Indian Council of World Affairs Act, 2001",View...,380,367980
11-Dec-1908,14,"The Indian Criminal Law Amendment Act, 1908",View...,381,0
17-Feb-1882,5,"The Indian Easements Act, 1882",View...,382,82950642
15-Mar-1872,1,"The Indian Evidence Act, 1872",View...,383,1953529
21-Sep-1927,16,"The Indian Forest Act, 1927",View...,384,654536
31-Dec-2017,33,"The Indian Institute of Management Act, 2017",View...,385,0
5-Jan-2018,3,The Indian Institute of Petroleum and Energy Act,View...,386,0
9-Aug-2017,23,"The Indian Institutes of Information Technology (Public-private Partnership) Act, 2017",View...,387,0
8-Dec-2014,30,"The Indian Institutes of Information Technology Act, 2014",View...,388,0
11-Nov-2008,22,"The Indian Maritime University Act, 2008",View...,389,0
30-Dec-1956,102,"The Indian Medical Council Act, 1956",View...,390,118783942
21-Dec-1970,48,"The Indian Medicine Central Council Act, 1970",View...,391,1423048
18-Mar-1910,10,"The Indian Museum Act, 1910",View...,392,308107
5-Mar-1923,7,"The Indian Naval Armament Act, 1923",View...,393,0
31-Dec-1947,48,"The Indian Nursing Council Act, 1947",View...,394,0
8-Apr-1932,9,"The Indian Partnership Act, 1932",View...,395,107341
6-Oct-1860,45,"The Indian Penal Code, 1860",View...,396,0
18-Dec-1908,15,"The Indian Ports Act, 1908",View...,397,150113
22-Mar-1898,6,"The Indian Post Office Act, 1898",View...,398,77853327
22-Mar-1905,4,"The Indian Railway Board Act, 1905",View...,399,1542988
25-Dec-1983,44,"The Indian Railways (Amendment) Act, 1983",View...,400,0
20-Mar-1920,15,"The Indian Red Cross Society Act, 1920",View...,401,0
2-Mar-1888,4,"The Indian Reserve Forces Act, 1888",View...,402,603517
26-Feb-1925,4,"The Indian Soldiers (Litigation) Act, 1925",View...,403,990861
27-Jan-1899,2,"The Indian Stamp Act, 1899",View...,404,74910796
24-Dec-1959,57,"The Indian Statistical Institute Act, 1959",View...,405,0
30-Sep-1925,39,"The Indian Succession Act, 1925",View...,406,1450343
22-Jul-1885,13,"The Indian Telegraph Act, 1885",View...,407,357830
22-Feb-1901,2,"The Indian Tolls (Army and Air Force) Act, 1901",View...,408,197364643
24-Mar-1863,23,"The Indian Tolls Act, 1864",View...,409,0
12-Mar-1886,11,"The Indian Tramways Act, 1886",View...,410,1662936
13-Feb-1878,6,"The Indian Treasure-trove Act, 1878",View...,411,0
13-Jan-1882,2,"The Indian Trust Act, 1882",View...,412,0
18-Aug-1984,52,"The Indian Veterinary Council Act, 1984",View...,413,1469803
11-Sep-1933,17,"The Indian Wireless Telegraphy Act, 1933",View...,414,251935
2-Sep-1985,50,"The Indira Gandhi National Open University Act, 1985",View...,415,0
20-Dec-2007,52,"The Indira Gandhi National Tribal University Act, 2007",View...,416,0
1-Sep-1992,35,"The Indo-Tibetan Border Police Force Act, 1992",View...,417,565790
30-Dec-2003,53,"The Industrial Development Bank (Transfer of Undertaking and Repeal) Act, 2003",View...,418,984780
14-Dec-1949,54,"The Industrial Disputes (Banking and Insurance Companies) Act, 1949",View...,419,872439
11-Mar-1947,14,"The Industrial Disputes Act, 1947",View...,420,500379
23-Apr-1946,20,"The Industrial Employmnet (Standing Orders) Act, 1946",View...,421,0
2-Apr-1993,23,"The Industrial Finance Corporation (Transfer of Undertaking and Repeal) Act, 1993",View...,422,0
31-Oct-1951,65,"The Industries (Development and Regulation)  Act, 1951",View...,423,800551
21-Mar-1984,4,"The Industries (Development and Regulation) Amendment Act, 1984",View...,424,0
29-Dec-1992,41,"The Infant Milk Substitutes, Feeding Bottles and Infant Foods (Regulation of Production, Supply and Distribution) Act, 1992",View...,425,396445
6-Mar-1952,20,"The Inflammable Substances Act, 1952",View...,426,1565906
9-Jun-2000,21,"The Information Technology Act, 2000",View...,427,1965344
7-Feb-1917,1,"The Inland Vessels Act, 1917",View...,428,1364875
30-Dec-1985,82,"The Inland Waterways Authority of India Act, 1985",View...,429,108849
2-Sep-1968,46,"The Insecticides Act, 1968",View...,430,1313723
28-May-2016,31,"The Insolvency and Bankruptcy Code, 2016.",View...,431,0
19-Dec-1961,59,"The Institutes of Technology Act, 1961",View...,432,78925
26-Feb-1938,4,"The Insurance Act, 1938",View...,433,1656199
29-Dec-1999,41,"The Insurance Regulatory and Development Authority Act, 1999",View...,434,513196
23-Aug-2017,27,"The Integrated Goods and Services Tax (Extension to Jammu and Kashmir) Act, 2017",View...,435,0
12-Apr-2017,13,"The Integrated Goods and Services Tax Act, 2017",View...,436,0
6-Sep-1985,58,"The Intelligence Organisations (Restriction of Rights) Act, 1985",View...,437,104482653
20-Sep-1957,38,"The Inter-State Corporations Act, 1957",View...,438,0
11-Jun-1979,30,"The Inter-State Migrant Workmen (Regulation of Employment and Conditions of Service) Act, 1979",View...,439,62576675
28-Aug-1956,33,"The Inter-State River Water Disputes Act, 1956",View...,440,198095155
31-Mar-1978,14,"The Interest Act, 1978",View...,441,910984
23-Sep-1974,45,"The Interest-tax Act, 1974",View...,442,0
20-Dec-1985,72,"The International Airports Authority (Amendment) Act, 1985",View...,443,0
9-Sep-1960,32,"The International Development Association (Status, Immunities and Privileges) Act, 1960",View...,444,0
17-Oct-1958,42,"The International Finance Corporation (Status, Immunities and Privileges) Act, 1958",View...,445,0
24-Dec-1945,47,"The International Monetary Fund and Bank Act, 1945",View...,446,0
7-Apr-1976,55,"The Iron Ore Mines, Manganese Ore Mines and Chrome Ore Mines Labour Welfare Cess Act, 1976",View...,447,0
10-Apr-1976,61,"The Iron Ore Mines, Manganese Ore Mines and Chrome Ore Mines Labour Welfare Fund Act, 1976",View...,448,166986426
1-May-1951,25,"The Jallianwala Bagh National Memorial  Act, 1951",View...,449,1775899
8-Oct-1988,58,"The Jamia Millia Islamia Act, 1988",View...,450,0
25-Sep-1956,62,"The Jammu and Kashmir (Extension of Laws) Act, 1956",View...,451,1326525
23-Mar-1968,3,"The Jammu and Kashmir Representation of the People (Supplementary) Act, 1968 (3 of 1968)",View...,452,0
16-May-2008,19,"The Jawaharlal Institute of Post-Graduate Medical Education and Research, Puducherry, Act, 2008",View...,453,0
22-Dec-1966,53,"The Jawaharlal Nehru University Act, 1966",View...,454,1231980
10-Jul-1887,19,"The Joint-stock Companies Act, 1857",View...,455,0
5-Dec-1968,51,"The Judges (Inquiry) Act, 1968",View...,456,1719017
6-Sep-1985,59,"The Judges (Protection) Act, 1985",View...,457,76735723
4-Apr-1850,18,"The Judicial Officers Protection Act, 1850",View...,458,397110
21-Dec-1980,62,"The Jute Companies (Nationalisation) Act, 1980",View...,459,0
7-Sep-1983,27,"The Jute Manufactures Development Council Act, 1983",View...,460,1224231
9-May-1987,10,"The Jute Packaging Materials (Compulsory Use in Packing Commodities) Act, 1987",View...,461,0
31-Dec-2016,2,"The Juvenile Justice (Care and Protection of Children) Act, 2015.",View...,462,0
4-Jan-1994,6,"The Kalakshetra Foundation Act, 1993",View...,463,1423933
9-Jul-1880,12,"The Kazis Act, 1880",View...,464,99006840
28-Dec-1950,78,"The Khaddar (Protection of Name) Act, 1950",View...,465,1335169
26-Nov-1972,60,"The Khadi and other Handloom Industries Development (Additional Excise Duty on Cloth) Amendment Act, 1972",View...,466,0
25-Sep-1956,61,"The Khadi and Village Industries Commission Act, 1956",View...,467,1958862
26-Dec-1969,43,"The Khuda Bakhsh Oriental Public Library Act, 1969",View...,468,1764233
24-Sep-1988,51,"The Labour Laws (Exemption from Furnishing Returns and Maintaining Registers by certain Establishments) Act, 1988",View...,469,97432016
3-Dec-1977,34,"The Lady Hardinge Medical College and Hospital (Acquisition and Miscellaneous Provisions) Act, 1977",View...,470,0
25-Mar-1997,17,"The Lalit Kala Akadami (Taking Over of Management) Act, 1997",View...,471,0
16-Oct-1885,18,"The Land Acquisition (Mines) Act, 1885",View...,472,1108265
12-Oct-1883,19,"The Land Improvement Loans Act, 1883",View...,473,447410
31-Aug-2010,31,"The Land Ports Authority of India Act, 2010",View...,474,0
7-Jan-1999,5,"The Leaders and Chief Whips of Recognised Parties and Groups in Parliament (Facilities) Act, 1998",View...,475,0
13-Jan-2010,1,"The Legal Metrology Act, 2009",View...,476,122504373
29-Oct-1879,18,"The Legal Practitioners Act, 1879",View...,477,77633
27-Mar-1855,12,"The Legal Representatives Suits Act, 1855",View...,478,0
11-Oct-1987,39,"The Legal Services Authorities Act, 1987",View...,479,26738839
30-Sep-1964,28,"The Legal Tender (Inscribed Notes) Act, 1964",View...,480,274823
31-Dec-1968,61,"The Legislative Assembly of Nagaland (Change in Representation) Act, 1968",View...,481,648854
16-Feb-1976,31,"The Levy Sugar Price Equalisation Fund Act, 1976",View...,482,1604024
6-Jun-1957,17,"The Life Insurance Corporation (Amendment) Act, 1957",View...,483,0
29-May-1976,72,"The Life Insurance Corporation (Modification of Settlements) Act, 1976",View...,484,128309240
18-Jun-1956,31,"The Life Insurance Corporation Act, 1956",View...,485,1643240
21-Sep-1927,17,"The Light House Act, 1927",View...,486,0
13-Nov-1982,70,"The Limestone and Dolomite Mines Labour Welfare Fund (Amendment) Act, 1982",View...,487,0
5-Oct-1963,36,"The Limitation Act, 1963",View...,488,1317393
7-Jan-2009,6,"The Limited Liability Partnership Act, 2008",View...,489,161391573
12-Aug-1898,9,"The Live-stock Importation Act, 1898",View...,490,0
15-Sep-1956,53,"The Lok Sahayak Sena Act, 1956",View...,491,761918
1-Jan-2014,1,"The Lokpal and Lokayuktas Act, 2013",View...,492,0
7-Jul-1998,17,"The Lotteries (Regulation) Act, 1998",View...,493,296358
29-Apr-1954,18,"The Lushai Hills District (Change of Name) Act, 1954",View...,494,0
25-Aug-2000,28,"The Madhya Pradesh Reorganisation Act, 2000",View...,495,1407416
12-Aug-1892,7,"The Madras City Civil Court Act, 1892",View...,496,0
21-Jan-1873,3,"The Madras Civil Courts Act, 1873",View...,497,0
8-Jan-1997,3,"The Mahatma Gandhi Antarrashtriya Hindi Vishwavidyalaya Act, 1996",View...,498,0
5-Sep-2005,42,"The Mahatma Gandhi National Rural Employment Guarantee Act, 2005",View...,499,137942173
29-Dec-2007,56,"The Maintenance and Welfare of Parents and Senior Citizens Act, 2007",View...,500,118724005
5-Oct-1921,18,"The Maintenance Orders Enforcement Act, 1921",View...,501,631834
16-Oct-1963,38,"The Major Port Trusts Act, 1963",View...,502,1527
2-Mar-1875,9,"The Majority Act, 1875",View...,503,588889
14-Feb-1949,2,"The Mangrol and Manavadar (Administration of Property) Act, 1949",View...,504,956538
30-Dec-1955,56,"The Manipur (Courts) Act, 1955",View...,505,0
26-Dec-1971,76,"The Manipur (Hill Areas) District Councils Act, 1971",View...,506,909879
13-Dec-1962,55,"The Manipur (Sales of Motor Spirit and Lubricants) Taxation Act, 1962",View...,507,0
22-Dec-1956,80,"The Manipur (Village Authorities in Hill Areas) Act, 1956",View...,508,0
13-Sep-1960,33,"The Manipur Land Revenue and Land Reforms Act, 1960",View...,509,0
8-Jul-1994,43,"The Manipur Municipalities Act, 1994",View...,510,0
23-Apr-1994,26,"The Manipur Panchayati Raj Act, 1994",View...,511,0
28-Dec-2005,54,"The Manipur University Act, 2005",View...,512,157062
12-Mar-1938,5,"The Manoeuvres, Field Firing and Artillery Practice Act, 1938",View...,513,0
18-Apr-1963,11,"The Marine Insurance Act, 1963",View...,514,86902
20-Apr-1972,13,"The Marine Products Export Development Authority Act, 1972",View...,515,137892
28-Sep-1981,42,"The Maritime Zones of India (Regulation of Fishing by Foreign Vessels) Act, 1981",View...,516,0
25-Jun-1951,39,"The Marking of Heavy Packages Act, 1951",View...,517,0
24-Dec-1959,61,"The Married Women s Property (Extension) Act, 1959",View...,518,0
24-Feb-1874,3,"The Married Women's Property Act, 1874",View...,519,51897370
12-Dec-1961,53,"The Maternity Benefit Act, 1961",View...,520,600217
8-Jan-1997,2,"The Maulana Azad National Urdu University Act, 1996",View...,521,678206
10-Aug-1971,34,"The Medical Termination of Pregnancy Act, 1971",View...,522,634810
7-Apr-2017,10,"The Mental Healthcare Act, 2017",View...,523,0
14-Aug-1986,33,"The Merchant Shipping (Amendment) Act, 1986",View...,524,0
30-Oct-1958,44,"The Merchant Shipping Act, 1958",View...,525,681709
7-Sep-1976,100,"The Metal Corporation (Nationalisation and Miscellaneous Provisions) Act, 1976",View...,526,0
21-Aug-1978,33,"The Metro Railways (Construction of Works) Act, 1978",View...,527,1660014
21-Aug-1982,41,"The Metro Railways (Construction of Works) Amendment Act, 1982",View...,528,0
17-Dec-2002,60,"The Metro Railways (Operation and Maintenance) Act, 2002",View...,529,0
16-Jun-2006,27,"The Micro, Small and Medium Enterprises Development Act, 2006",View...,530,352833
25-Dec-1983,42,"The Mines (Amendment) Act, 1983",View...,531,0
15-Mar-1952,35,"The Mines Act, 1952",View...,532,1814464
28-Dec-1957,67,"The Mines and Minerals (Development and Regulation) Act, 1957",View...,533,25127
15-Mar-1948,11,"The Minimum Wages Act, 1948",View...,534,142278
25-Apr-2001,8,"The Mizoram University Act, 2000",View...,535,1055865
21-Mar-1891,15,"The Moorshedabad Act, 1891",View...,536,0
20-May-1961,27,"The Motor Transport Workers Act, 1961",View...,537,1276952
14-Oct-1988,59,"The Motor Vehicles Act, 1988",View...,538,785258
3-Jul-2002,39,"The Multi-State Co-operative Societies Act, 2002",View...,539,1123621
2-Apr-1993,28,"The Multimodal Transportation of Goods Act, 1993",View...,540,1998827
25-Feb-1881,11,"The Municipal Taxation Act, 1881",View...,541,0
21-Sep-1933,23,"The Murshidabad Estate Administration Act, 1933",View...,542,1298776
7-Oct-1937,26,"The Muslim Personal Law (Shariat) Application Act, 1937",View...,543,1325952
19-May-1986,25,"The Muslim Women (Protection of Rights on Divorce) Act, 1986",View...,544,1933289
5-Aug-1923,42,"The Mussalman Wakf Act, 1923",View...,545,188677788
29-Nov-1957,42,"The Naga Hills-Tuensang Area Act, 1957",View...,546,0
20-Oct-1989,35,"The Nagaland University Act, 1989",View...,547,0
21-Sep-2010,39,"The Nalanda University Act, 2010",View...,548,0
16-Sep-1985,61,"The Narcotic Drugs and Psychotropic Substances Act, 1985",View...,549,1727139
30-Dec-1981,61,"The National Bank for Agriculture and Rural Development Act, 1981",View...,550,83365
16-Apr-1948,31,"The National Cadet Corps Act, 1948",View...,551,1074158
9-Feb-1985,2,"The National Capital Region Planning Board Act, 1985",View...,552,0
16-Mar-2009,24,"The National Capital Territory of Delhi Laws (Special Provisions) Act, 2009",View...,553,0
29-Mar-2011,5,"The National Capital Territory of Delhi Laws (Special Provisions) Act, 2011",View...,554,0
5-Dec-2007,43,"The National Capital Territory of Delhi Laws (Special Provisions) At, 2007",View...,555,0
22-Dec-2009,40,"The National Capital Territory of Delhi Laws (Special Provisions) Second Act, 2009",View...,556,0
23-Dec-2011,20,"The National Capital Territory of Delhi Laws (Special Provisions) Second Act, 2011",View...,557,0
31-Aug-1962,26,"The National Co-operative Development Corporation Act, 1962",View...,558,0
14-Aug-2018,24,"The National Commission for Backward Classes (Repeal) Act, 2018",View...,559,0
17-May-1992,19,"The National Commission for Minorities Act, 1992",View...,560,192325206
6-Jan-2005,2,"The National Commission for Minority Educational Institutes Act, 2004",View...,561,0
4-Sep-1993,64,"The National Commission for Safai Karamcharis Act, 1993",View...,562,1345973
30-Aug-1990,20,"The National Commission for Women Act, 1990",View...,563,131273063
19-Jul-1980,42,"The National Company Limited (Acquisition and Transfer of Undertakings) Act, 1980",View...,564,0
29-Dec-1993,73,"The National Council for Teacher Education Act, 1993",View...,565,202695
15-Sep-1987,37,"The National Dairy Development Board Act, 1987",View...,566,0
26-Mar-1997,22,"The National Environment Appellate Authority Act, 1997",View...,567,79225559
10-Sep-2013,20,"The National Food Security Act, 2013",View...,568,0
2-Jun-2010,19,"The National Green Tribunal Act, 2010",View...,569,91685705
11-Sep-1956,48,"The National Highways Act, 1956",View...,570,0
16-Dec-1988,68,"The National Highways Authority of India Act, 1988",View...,571,0
23-Dec-1987,53,"The National Housing Bank Act, 1987",View...,572,0
17-Jul-2014,18,"The National Institute of Design Act, 2014",View...,573,0
13-Jul-2006,28,"The National Institute of Fashion Technology Act, 2006",View...,574,1871646
13-Sep-2012,38,"The National Institute of Mental Health and Neuro-Sciences, Bangalore Act, 2012",View...,575,0
26-Jun-1998,13,"The National Institute of Pharmaceutical Education and Research Act, 1998",View...,576,398630
5-Jun-2007,29,"The National Institutes of Technology, Science Education and Research Act, 2007",View...,577,0
31-Dec-2008,34,"The National Investigation Agency Act, 2008",View...,578,51730711
31-Dec-2014,40,"The National Judicial Appointments Commission Act, 2014",View...,579,0
12-Feb-2009,12,"The National Jute Board Act, 2008",View...,580,0
11-May-2007,23,"The National Rural Employment Guarantee (Extension to Jammu and Kashmir) Act, 2007",View...,581,0
27-Dec-1980,65,"The National Security Act, 1980",View...,582,190229
22-Sep-1986,47,"The National Security Guard Act, 1986",View...,583,180784614
9-Jun-1972,28,"The National Service Act, 1972",View...,584,633265
17-Aug-2018,25,"The National Sports University Act, 2018",View...,585,0
20-Dec-2005,49,"The National Tax Tribunal Act, 2005",View...,586,1850110
30-Dec-1999,44,"The National Trust for Welfare of Persons with Autism, Cerebral Palsy, Mental Retardation and Multiple Disabilities Act, 1999",View...,587,1218879
18-Oct-1982,49,"The National Waterway (Allahabad-Haldia Stretch of the Ganga-Bhagirathi-Hooghly River) Act, 1982",View...,588,0
17-Nov-2008,23,"The National Waterway (Talcher-Dhamra Stretch of Rivers, Geonkhali-Charbatia Stretch of East Coast Canal, Charbatia-Dhamra Stretch of Matai River and Mahanadi Delta Rivers) Act, 2008",View...,589,0
25-Mar-2016,17,"The National Waterways Act, 2016.",View...,590,0
16-Dec-1971,59,"The Naval and Aircraft Prize Act, 1971",View...,591,192231
27-Dec-1957,62,"The Navy Act, 1957",View...,592,957745
9-Dec-1881,26,"The Negotiable Instruments Act, 1881",View...,593,1132672
14-Jul-1994,44,"The New Delhi Municipal Council Act, 1994",View...,594,0
5-Sep-1961,36,"The Newspaper (Price and Page) Continuance Act, 1961",View...,595,0
30-Dec-1971,81,"The North-Eastern Areas (Reorganisation) Act, 1971",View...,596,0
30-Dec-1971,84,"The North-Eastern Council Act, 1971",View...,597,0
26-May-1973,24,"The North-Eastern Hill University Act, 1973",View...,598,0
11-Feb-1873,8,"The Northern India Canal and Drainage Act, 1873",View...,599,1706135
9-Nov-1878,17,"The Northern Indian Ferries Act, 1878",View...,600,0
9-Aug-1952,53,"The Notaries Act, 1952",View...,601,486735
26-Dec-1969,44,"The Oaths Act, 1969",View...,602,241320
15-Mar-1881,16,"The Obstructions in Fairways Act, 1881",View...,603,1930625
10-May-1963,19,"The Official Languages Act, 1963",View...,604,563979
2-Apr-1923,19,"The Official Secrets Act, 1923",View...,605,61492784
27-Feb-1913,2,"The Official Trusteers Act, 1913",View...,606,0
30-Jan-2003,17,"The Offshore Areas Mineral (Development and Regulation) Act, 2002",View...,607,1453818
4-Sep-1993,65,"The Oil and Natural Gas Commission (Transfer of Undertaking and Repeal) Act, 1993",View...,608,284174
26-Sep-1974,47,"The Oil Industry (Development) Act, 1974",View...,609,602826
8-Sep-1948,53,"The Oilfields (Regulation and Development) Act, 1948",View...,610,996551
13-Feb-1857,5,"The Oriental Gas Company Act, 1857",View...,611,0
1-Mar-1867,11,"The Oriental Gas Company Act, 1867",View...,612,0
23-Sep-2011,15,"The Orissa (Alteration of Name) Act, 2011",View...,613,0
30-Dec-1958,57,"The Orissa Weights and Measures (Delhi Repeal) Act, 1958",View...,614,0
9-Apr-1960,10,"The Orphanages and other Charitable Homes (Supervision and Control) Act, 1960",View...,615,0
4-Apr-1959,10,"The Parliament (Prevention of Disqualification) Act, 1959",View...,616,379510
23-Apr-1936,3,"The Parsi Marriage and Divorce Act, 1936.",View...,617,0
9-Mar-1893,4,"The Partition Act, 1893",View...,618,790676
9-Sep-1920,34,"The Passport (Entry into India) Act, 1920",View...,619,1715361
24-Jun-1967,15,"The Passports Act, 1967",View...,620,229269
19-Sep-1970,39,"The Patents Act, 1970",View...,621,1937976
20-Dec-2007,51,"The Payment and Settlement Systems Act, 2007",View...,622,198083419
25-Sep-1965,21,"The Payment of Bonus Act, 1965",View...,623,720619
21-Aug-1972,39,"The Payment of Gratuity Act, 1972",View...,624,553799
23-Apr-1936,4,"The Payment of Wages Act, 1936",View...,625,794158
18-Sep-2013,23,"The Pension Fund Regulatory and Development Authority Act, 2013",View...,626,0
18-Aug-1871,23,"The Pensions Act, 1871",View...,627,0
8-Oct-1963,37,"The Personal Injuries (Compensation Insurance) Act, 1963",View...,628,1138779
19-Dec-1962,59,"The Personal Injuries (Emergency Provisions) Act, 1962",View...,629,890027
6-Sep-1934,30,"The Petroleum Act, 1934",View...,630,1083713
7-Dec-1962,50,"The Petroleum and Minerals Pipelines (Acquisition of Right of User in Land) Act, 1962",View...,631,29034610
31-Mar-2006,19,"The Petroleum and Natural Gas Regulatory Board Act, 2006",View...,632,4145
4-Mar-1948,8,"The Pharmacy Act, 1948",View...,633,549550
18-Sep-1991,42,"The Places of Worship (Special Provisions) Act, 1991",View...,634,603724
2-Nov-1951,69,"The Plantations Labour Act, 1951",View...,635,703097
3-Sep-1919,12,"The Poisons Act, 1919",View...,636,1399304
22-Mar-1861,5,"The Police Act, 1861",View...,637,0
27-Dec-1949,64,"The Police Act, 1949",View...,638,0
2-Dec-1966,33,"The Police-Forces (Restriction of Rights) Act, 1966",View...,639,164157
5-Dec-1962,49,"The Pondicherry (Administration)  Act, 1962",View...,640,0
13-Sep-2006,44,"The Pondicherry (Alteration of Name) Act, 2006",View...,641,516351
24-May-1968,26,"The Pondicherry (Extension of Laws) Act, 1968",View...,642,0
4-Sep-1985,53,"The Pondicherry University Act, 1985",View...,643,0
19-Sep-1917,18,"The Post Office Cash Certificates Act, 1917",View...,644,0
17-Dec-1966,51,"The Post-Graduate Institute of Medical Education and Research, Chandigarh, Act 1966",View...,645,0
17-Feb-1882,7,"The Powers-of Attorney Act, 1882",View...,646,0
12-Sep-1990,25,"The Prasar Bharati (Broadcasting Corporation of India) Act, 1990",View...,647,189235955
20-Sep-1994,57,"The Pre-conception and Pre-natal Diagnostic Techniques (Prohibition of Sex Selection) Act, 1994",View...,648,0
28-Dec-1960,63,"The Preference Shares (Regulation of Dividends) Act, 1960",View...,649,452163
17-Mar-1882,15,"The Presidency Small Cause Courts Act, 1882",View...,650,997218
28-May-1969,16,"The President (Discharge of Functions) Act, 1969",View...,651,0
13-May-1951,30,"The President's Emoluments and Pension  Act, 1951",View...,652,0
14-Mar-1952,31,"The Presidential and Vice-Presidential Elections Act, 1952",View...,653,102305
22-Mar-1867,25,"The Press and Registration of Books Act, 1867",View...,654,172767490
7-Sep-1978,37,"The Press Council Act, 1978",View...,655,143018423
20-Mar-2009,27,"The Prevention and Control of Infectious and Contagious Diseases in Animals Act, 2009",View...,656,0
12-Feb-1980,7,"The Prevention of Blackmarketing and Maintenance of Supplies of Essential Commodities Act, 1980",View...,657,1701160
9-Sep-1988,49,"The Prevention of Corruption Act, 1988",View...,658,1331755
26-Dec-1960,59,"The Prevention of Cruelty to Animals Act, 1960",View...,659,374796
16-Mar-1984,3,"The Prevention of Damage to Public Property Act, 1984",View...,660,177673971
6-Sep-1988,46,"The Prevention of Illicit Traffic in Narcotic Drugs and Psychotropic Substances Act, 1988",View...,661,202088
23-Dec-1971,69,"The Prevention of Insults to National Honour Act, 1971",View...,662,0
17-Jan-2003,15,"The Prevention of Money-Laundering Act, 2002",View...,663,1697463
21-Dec-2004,26,"The Prevention of Terrorism (Repeal) Act, 2004",View...,664,1229894
20-Sep-1955,32,"The Prisoners (Attendance in Courts) Act, 1955",View...,665,0
2-Feb-1900,3,"The Prisoners Act, 1900",View...,666,52066971
22-Mar-1894,9,"The Prisons Act, 1894",View...,667,626516
23-Jun-2005,29,"The Private Security Agencies (Regulation) Act, 2005",View...,668,1595530
12-Dec-1978,43,"The Prize Chits and Money Circulation Schemes (Banning) Act, 1978",View...,669,1621737
22-Oct-1955,42,"The Prize Competitions Act, 1955",View...,670,654270
16-May-1958,20,"The Probation of Offenders Act, 1958",View...,671,167447
10-Jan-2007,6,"The Prohibition of Child Marriage Act, 2006",View...,672,790355
18-Sep-2013,25,"The Prohibition of Employment as Manual Scavengers and their Rehabilitation Act, 2013",View...,673,0
19-Jun-2012,32,"The Protection of Children from Sexual Offences Act, 2012",View...,674,0
8-May-1955,22,"The Protection of Civil Rights Act, 1955",View...,675,3026506
8-Jan-1994,10,"The Protection of Human Rights Act, 1993",View...,676,0
30-Oct-2001,53,"The Protection of Plant Varieties and Farmers Rights Act, 2001",View...,677,0
13-Sep-2005,43,"The Protection of Women from Domestic Violence Act, 2005",View...,678,542601
27-Aug-1925,19,"The Provident Funds Act, 1925",View...,679,1724879
24-Feb-1887,9,"The Provincial Small Cause Courts Act, 1887",View...,680,124499472
28-Sep-1931,16,"The Provisional Collection of Taxes Act, 1931",View...,681,853050
24-Dec-1996,40,"The Provisions of the Panchayats (Extension to the Scheduled Areas) Act, 1996",View...,682,0
12-Mar-1850,12,"The Public  Accountants Defaults Act, 1850",View...,683,0
22-Nov-1944,18,"The Public Debt Act, 1944",View...,684,735927
7-Dec-1957,44,"The Public Employment (Requirement as to Residence) Act, 1957",View...,685,67961
9-May-1964,10,"The Public Employment (Requirement as to Residence) Amendment Act, 1964",View...,686,0
30-Dec-1983,48,"The Public Financial Institutions (Obligation as to Fidelity and Secrecy) Act, 1983",View...,687,158199066
25-Jan-1867,3,"The Public Gambling Act, 1867",View...,688,1824663
22-Jan-1991,6,"The Public Liability Insurance Act, 1991",View...,689,1529733
23-Aug-1971,40,"The Public Premises (Eviction of Unauthorised Occupants) Act, 1971",View...,690,1506082
16-May-1968,23,"The Public Provident Fund Act, 1968",View...,691,78070058
21-Dec-1993,69,"The Public Records Act, 1993",View...,692,13351240
30-Apr-1978,16,"The Public Sector Iron and Steel Companies (Restructuring) and Miscellaneous Provisions Act, 1978",View...,693,0
12-Oct-1883,20,"The Punjab District Boards Act, 1883",View...,694,0
8-Dec-1983,32,"The Punjab Disturbed Areas Act, 1983",View...,695,74868773
23-Apr-1994,27,"The Punjab Gram Panchayat, Samities and Zilla Parishad (Chandigarh Repeal) Act, 1994",View...,696,0
22-Jul-1994,45,"The Punjab Municipal Corporation Law (Extension to Chandigarh) Act, 1994",View...,697,0
18-Sep-1966,31,"The Punjab Reorganisation Act, 1966",View...,698,933499
23-Dec-1987,54,"The Railway Claims Tribunal Act, 1987",View...,699,93406231
16-Sep-1966,29,"The Railway Property (Unlawful Possession) Act, 1966",View...,700,38107498
29-Aug-1957,23,"The Railway Protection Force Act, 1957",View...,701,1352182
3-Dec-1965,40,"The Railways (Employment of Members of the Armed Forces) Act, 1965",View...,702,0
3-Jun-1989,24,"The Railways Act, 1989",View...,703,1022405
18-Sep-1959,47,"The Rajasthan and Madhya Pradesh (Transfer of Territories) Act, 1959",View...,704,273666
29-Jun-1951,41,"The Rajghat Samadhi Act, 1951",View...,705,327662
20-Dec-2007,54,"The Rajiv Gandhi Institute of Petroleum Technology Act, 2007",View...,706,0
18-Sep-2013,26,"The Rajiv Gandhi National Aviation University Act, 2013",View...,707,0
30-Aug-2012,35,"The Rajiv Gandhi National Institute of Youth Development Act, 2012",View...,708,0
10-Jan-2007,8,"The Rajiv Gandhi University Act, 2006",View...,709,1498434
9-May-1975,22,"The Rampur Raza Library  Act, 1975",View...,710,1773547
4-Mar-2014,10,"The Rani Lakshmi Bai Central Agricultural University Act, 2014",View...,711,0
25-Mar-2016,16,"The Real Estate (Regulation and Development) Act, 2016.",View...,712,0
31-Mar-1943,9,"The Reciprocity Act, 1943",View...,713,1940532
27-Aug-1993,51,"The Recovery of Debts Due to Banks and Financial Institutions Act, 1993",View...,714,1683455
29-Jul-2016,36,"The Regional Centre for Biotechnology Act, 2016.",View...,715,0
9-Feb-1976,21,"The Regional Rural Banks Act, 1976",View...,716,857753
18-Dec-1908,16,"The Registration Act, 1908",View...,717,1489134
31-May-1969,18,"The Registration of Births and Deaths Act, 1969",View...,718,1636244
8-Apr-1939,16,"The Registration of Foreigners Act, 1939",View...,719,1716016
1-Sep-1992,34,"The Rehabilitation Council of India Act, 1992",View...,720,223852
23-Mar-1948,12,"The Rehabilitation Finance Administration Act, 1948",View...,721,1824188
10-Mar-1863,20,"The Religious endowments act, 1863",View...,722,377820
1-Sep-1988,41,"The Religious Institutions (Prevention of Misuse) Act, 1988",View...,723,0
9-Oct-1880,1,"The Religious Societies Act, 1880",View...,724,120479391
18-Sep-1991,41,"The Remittances of Foreign Exchange and Investment in Foreign Exchange Bonds (Immunities and Exemptions)  Act, 1991",View...,725,0
28-Sep-2003,49,"The Repatriation of Prisoners Act, 2003",View...,726,859184
5-Jan-2018,4,The Repealing and Amending (Second) Act,View...,727,0
5-Jan-2018,2,The Repealing and Amending Act,View...,728,0
13-Dec-1966,47,"The Representation of the People (Amendment) Act, 1966",View...,729,0
22-May-1989,21,"The Representation of the People (Amendment) Act, 1989",View...,730,0
12-May-1950,43,"The Representation of the People Act, 1950",View...,731,55081742
17-Jul-1951,43,"The Representation of the People Act, 1951",View...,732,320017
14-Mar-1952,30,"The Requisitioning and Acquisition of Immovable Property Act, 1952",View...,733,434865
22-Aug-1952,62,"The Reserve and Auxiliary Air Forces Act, 1952",View...,734,1486627
23-Sep-1948,62,"The Reserve Bank (Transfer to Public Ownership) Act, 1948",View...,735,1353429
6-Mar-1934,2,"The Reserve Bank of India Act, 1934",View...,736,462219
20-Sep-1948,60,"The Resettlement of Displaced Persons (Land Acquisition)  Act, 1948",View...,737,0
14-Feb-1890,1,"The Revenue Recovery Act, 1890",View...,738,201374
30-Dec-1972,78,"The Richardson and Cruddas Limited (Acquisition and Transfer of Undertaking) Act, 1972",View...,739,0
26-Aug-2009,35,"The Right of Children to Free and Compulsory Education Act, 2009",View...,740,30032725
15-Jun-2005,22,"The Right of Information Act, 2005",View...,741,0
26-Sep-2013,30,"The Right to Fair Compensation and Transparency in Land Acquisition, Rehabilitation and Resettlement Act, 2013",View...,742,0
27-Dec-2016,49,"The Rights of Persons with Disabilities Act, 2016.",View...,743,0
12-Sep-1956,49,"The River Boards Act, 1956",View...,744,1608688
4-Dec-1950,64,"The Road Transport Corporations Act, 1950",View...,745,1779621
18-Apr-1947,24,"The Rubber Act, 1947",View...,746,792073
26-Apr-1993,36,"The SAARC Convention (Suppression of Terrorism) Act, 1993",View...,747,313604
19-May-1961,26,"The Salar Jung Museum Act, 1961",View...,748,1685633
12-Aug-1952,58,"The Salaries and Allowances of Ministers Act, 1952",View...,749,0
16-May-1953,20,"The Salaries and Allowances of Officers of Parliament Act, 1953",View...,750,1534878
18-Apr-1977,33,"The Salary and Allowances of Leaders of Opposition in Parliament Act, 1977",View...,751,0
22-May-1954,30,"The Salary, Allowances and Pension of Members of Parliament Act, 1954",View...,752,0
15-Mar-1930,3,"The Sale of Goods Act, 1930",View...,753,651105
25-Jan-1976,11,"The Sales Promotion Employees (Conditions of Service) Act, 1976",View...,754,767730
20-Dec-2007,53,"The Sashastra Seema Bal Act, 2007",View...,755,17959107
23-Jun-1951,37,"The Scheduled Areas (Assimilation of Laws) Act, 1951",View...,756,0
6-May-1953,16,"The Scheduled Areas (Assimilation of Laws) Act, 1953",View...,757,0
18-Sep-1976,108,"The Scheduled Castes and Scheduled Tribes Orders (Amendment) Act, 1976",View...,758,0
11-Sep-1989,33,"The Scheduled Castes and the Scheduled Tribes (Prevention of Atrocities) Act, 1989",View...,759,25085007
29-Dec-2006,2,"The Scheduled Tribes and Other Traditional Forest Dwellers (Recognition of Forest Rights) Act, 2006",View...,760,121302
18-Dec-2014,37,"The School of Planning and Architecture Act, 2014",View...,761,0
17-Jan-2009,9,"The Science and Engineering Research Board Act, 2008",View...,762,0
26-Mar-1966,4,"The Seamen's Provident Fund Act, 1966",View...,763,0
17-Feb-1949,8,"The Seaward Artillery Practice Act, 1949",View...,764,0
4-Apr-1992,15,"The Securities and Exchange Board of India Act, 1992",View...,765,1365176
4-Sep-1956,42,"The Securities Contracts (Regulation) Act, 1956",View...,766,220169
17-Dec-2002,54,"The Securitisation and Reconstruction of Financial Assets and Enforcement of Security Interest Act, 2002",View...,767,52229129
29-Dec-1966,54,"The Seeds Act, 1966",View...,768,1424192
4-Sep-2000,37,"The Semiconductor Integrated Circuits Layout-Design Act, 2000",View...,769,158485
22-Apr-2013,14,"The Sexual Harassment of Women at Workplace (Prevention, Prohibition and Redressal) Act, 2013",View...,770,0
28-May-1954,31,"The Shillong (Rifle Range and Umlong) Cantonments Assimilation of Laws Act, 1954",View...,771,0
24-Dec-1986,66,"The Shipping Development Fund Committee (Abolition) Act, 1986",View...,772,1790298
1-Jan-2004,1,"The Sick Industrial Companies (Special Provisions) Repeal Act, 2003",View...,773,1644588
21-Dec-1974,57,"The Sick Textile Undertakings (Nationalisation) Act, 1974",View...,774,0
10-Jan-2007,10,"The Sikkim University Act, 2006",View...,775,1005074
8-Sep-1915,10,"The Sir Jamsetjee Jejeebhoy Baronetcy Act, 1915",View...,776,0
29-Dec-1956,96,"The Slum Areas (Improvement and Clearance) Act, 1956",View...,777,839084
25-Oct-1989,39,"The Small Industries Development Bank of India Act, 1989",View...,778,123080598
17-Dec-1977,41,"The Smith, Stanistreet and Company Limited (Acquisition and Transfer of Undertakings) Act, 1977",View...,779,0
25-Jan-1976,13,"The Smugglers and Foreign Exchange Manipulators (Forfeiture of Property) Act, 1976",View...,780,119650508
21-May-1860,21,"The Societies Registration Act, 1860",View...,781,1700055
11-Jan-2009,8,"The South Asian University Act, 2008",View...,782,0
18-Aug-1992,27,"The Special Court (Trial of Offences Relating to Transactions in Securities) Act, 1992",View...,783,104507346
10-Mar-1950,18,"The Special Criminal Courts (Jurisdiction) Act, 1950",View...,784,1818222
23-Jun-2005,28,"The Special Economic Zones Act, 2005",View...,785,1423589
9-Oct-1954,43,"The Special Marriage Act, 1954",View...,786,4234
2-Jun-1988,34,"The Special Protection Group Act, 1988",View...,787,184495
13-Dec-1963,47,"The Specific Relief Act, 1963",View...,788,1671917
27-Feb-2017,2,"The Specified Bank Notes (Cessation of Liabilities) Act, 2017",View...,789,0
20-Mar-1986,10,"The Spices Board Act, 1986",View...,790,0
19-Mar-2007,11,"The Sports Broadcasting Signals (Mandatory Sharing with PrasarBharati) Act, 2007",View...,791,0
3-Dec-1980,52,"The Sree Chitra Tirunal Institute for Medical Sciences and Technology, Trivandrum Act, 1980",View...,792,0
7-Jul-1861,16,"The Stage-Carriages Act, 1861",View...,793,0
26-Aug-1967,25,"The Standards of Weights and Measures (Extension to Kohima and Mokokchung Districts) Act, 1967",View...,794,0
22-Dec-1956,79,"The State Bank of Hyderabad Act, 1956",View...,795,0
10-Sep-1959,38,"The State Bank of India (Subsidiary Banks) Act, 1959",View...,796,381465
8-May-1955,23,"The State Bank of India Act, 1955",View...,797,1443301
6-Nov-1982,62,"The State Bank of Sikkim (Acquisition of Shares) and Miscellaneous Provisions Act, 1982",View...,798,0
20-Dec-2005,50,"The State Emblem of India (Prohibition of Improper Use) Act, 2005",View...,799,1511119
31-Oct-1951,63,"The State Financial Corporations Act, 1951",View...,800,231604
24-Dec-1986,69,"The State of Arunachal Pradesh Act, 1986",View...,801,994864
25-Dec-1970,53,"The State of Himachal Pradesh Act, 1970",View...,802,0
14-Aug-1986,34,"The State of Mizoram Act, 1986",View...,803,0
4-Sep-1962,27,"The State of Nagaland Act, 1962",View...,804,1490539
14-Dec-1962,56,"The State-Associated Banks (Miscellaneous Provisions) Act, 1962",View...,805,0
31-Aug-1956,37,"The States Reorganisation Act, 1956",View...,806,1211891
4-Mar-2014,7,"The Street Vendors (Protection of Livelihood and Regulation of Street Vending) Act, 2014",View...,807,0
19-Mar-1982,4,"The Sugar Development Fund Act, 1982",View...,808,1157644
1-May-1934,15,"The Sugarcane Act, 1934",View...,809,0
11-Feb-1887,7,"The Suits Valuation Act, 1887",View...,810,867444
6-Nov-1982,66,"The Suppression of Unlawful Acts against Safety of Civil Aviation Act, 1982",View...,811,218659
20-Dec-2002,69,"The Suppression of Unlawful Acts Against Safety of Maritime Navigation and Fixed Platforms on Continental Shelf Act, 2002",View...,812,0
9-Aug-1970,28,"The Supreme Court (Enlargement of Criminal Appellate Jurisdiction) Act, 1970",View...,813,295920
16-Sep-1956,55,"The Supreme Court (Number of Judges) Act, 1956",View...,814,1237561
17-Oct-1958,41,"The Supreme Court Judges (Salaries and Conditions of Service) Act, 1958",View...,815,0
30-May-1986,30,"The Swadeshi Cotton Mills Company Limited (Acquisition and Transfer of Undertakings) Act, 1986",View...,816,0
8-Apr-1988,22,"The Tamil Nadu Agricultural Service Co-operative Societies (Appointment of Special Officers) Amendment Act, 1988",View...,817,0
18-May-2010,16,"The Tamil Nadu Legislative Council Act, 2010",View...,818,0
4-Dec-1965,41,"The Taxation Laws (Amendment and Miscellaneous Provisions)  Act, 1965",View...,819,106388
12-May-1964,11,"The Taxation Laws (Continuation and Validation of Recovery Proceedings) Act, 1964",View...,820,0
28-May-1953,29,"The Tea Act, 1953",View...,821,1992542
16-Dec-1995,44,"The Technology Development Board Act, 1995",View...,822,1515277
28-Mar-1997,24,"The Telecom Regulatory Authority of India Act, 1997",View...,823,1171314
28-Dec-1950,74,"The Telegraph Wires (Unlawful Possession) Act, 1950",View...,824,980662
12-Dec-1956,69,"The Terminal Tax on Railway Passengers Act, 1956",View...,825,0
10-Sep-1948,56,"The Territorial Army Act, 1948",View...,826,1275601
25-Aug-1976,80,"The Territorial Waters, Continental Shelf, Exclusive Economic Zone and Other Maritime Zones Act, 1976",View...,827,0
31-Aug-1984,61,"The Terrorist Affected Areas (Special Courts) Act, 1984",View...,828,206811
8-Sep-1995,39,"The Textile Undertakings (Nationalisation) Act, 1995",View...,829,1044174
3-Dec-1963,41,"The Textiles Committee Act, 1963",View...,830,1238203
1-Jun-1993,45,"The Tezpur University Act, 1993",View...,831,1104804
21-Oct-1956,74,"The The Central Sales Tax Act, 1956",View...,832,0
15-Sep-1981,31,"The The Dalmia Dadri Cement Limited (Acquisition and Transfer of Undertakings) Act, 1981",View...,833,0
7-Jun-2000,18,"The The Leaders and Chief Whips of Recognised Parties and Groups in Parliament (Facilities) Amendment Act, 2000",View...,834,0
18-Apr-1977,15,"The The Parliamentary Proceedings (Protection of Publication) Act, 1977",View...,835,0
5-Sep-1988,45,"The The Prohibition of Benami Property Transactions Act, 1988",View...,836,0
14-Sep-1951,51,"The The Railway Companies (Emergency Provisions) Act, 1951",View...,837,0
19-Mar-1975,4,"The Tobacco Board Act, 1975",View...,838,847558
8-May-1975,20,"The Tokyo Convention Act, 1975",View...,839,56381372
30-Dec-1999,47,"The Trade Marks Act, 1999",View...,840,1017213
25-Mar-1926,16,"The Trade Unions Act, 1926",View...,841,1980557
12-Apr-1950,29,"The Transfer of Prisoners Act, 1950",View...,842,1264536
17-Feb-1882,4,"The Transfer of Property Act, 1882",View...,843,515323
25-Dec-1983,41,"The Transformer and Switchgear Limited (Acquisition and Transfer of Undertakings) Act, 1983",View...,844,0
8-Jul-1994,42,"The Transplantation of Human Organs and Tissues Act, 1994",View...,845,0
12-Sep-1959,42,"The Travancore-Cochin Vehicles Taxation (Amendment and Validation) Act, 1959",View...,846,0
21-Sep-1960,43,"The Tripura Land Revenue and Land Reforms Act, 1960",View...,847,0
10-Jan-2007,9,"The Tripura University Act, 2006",View...,848,1585741
12-Dec-2007,50,"The Tyre Corporation of India Limited (Disinvestment of Ownership) Act, 2007",View...,849,0
20-May-1979,24,"The Union Duties of Excise (Distribution) Act, 1979",View...,850,0
22-Dec-1965,49,"The Union Territories (Direct Election to the House of the People) Act, 1965",View...,851,0
15-Apr-1950,30,"The Union Territories (Laws) Act, 1950",View...,852,1544448
31-May-1969,19,"The Union Territories (Separation of Judicial and Executive Functions) Act, 1969",View...,853,0
12-Apr-2017,14,"The Union Territory Goods and Services Tax Act, 2017",View...,854,0
17-Dec-2002,58,"The Unit Trust of India (Transfer of Undertaking and Repeal) Act, 2002",View...,855,1785689
20-Dec-1947,46,"The United Nations (Privileges and Immunities) Act, 1947",View...,856,1432853
20-Dec-1947,43,"The United Nations (Security Council) Act, 1947",View...,857,870178
3-Mar-1956,3,"The University Grants Commission Act, 1956",View...,858,535576
23-Jun-2005,26,"The University of Allahabad Act, 2005",View...,859,643474
3-Sep-1974,39,"The University of Hyderabad Act, 1974",View...,860,0
30-Dec-1967,37,"The Unlawful Activities (Prevention) Act, 1967",View...,861,1389751
30-Dec-2008,33,"The Unorganised Workers' Social Security Act, 2008",View...,862,0
22-Mar-1918,10,"The Usurious Loans Act, 1918",View...,863,1789632
19-Sep-1855,28,"The Usury Laws Repeal Act, 1855",View...,864,1146196
25-Aug-2000,29,"The Uttar Pradesh Reorganisation Act, 2000",View...,865,1951730
21-Dec-2006,52,"The Uttaranchal (Alteration of Name) Act, 2006",View...,866,128596
28-May-1997,30,"The Vice-President s Pension Act, 1997",View...,867,0
20-Mar-1903,10,"The Victoria Memorial Act, 1903",View...,868,125349
21-May-1984,31,"The Visva-Bharati (Amendment) Act, 1984",View...,869,0
9-May-1951,29,"The Visva-Bharati Act, 1951",View...,870,0
6-Dec-1961,46,"The Voluntary Surrender of Salaries (Exemption from Taxation) Act, 1961",View...,871,0
22-Nov-1995,43,"The Waqf Act, 1995",View...,872,0
19-Sep-2007,37,"The Warehousing (Development and Regulation) Act, 2007",View...,873,151076738
22-Sep-1965,20,"The Warehousing Corporations (Supplementary) Act, 1965",View...,874,0
19-Dec-1962,58,"The Warehousing Corporations  Act, 1962",View...,875,1706443
23-Mar-1974,6,"The Water (Prevention and Control of Pollution) Act, 1974",View...,876,867156
7-Dec-1977,36,"The Water (Prevention and Control of Pollution) Cess Act, 1977",View...,877,1940190
12-Sep-1957,27,"The Wealth-tax Act, 1957",View...,878,983571
6-Jun-2005,21,"The Weapons of Mass Destruction and their Delivery Systems (Prohibition of Unlawful Activities) Act, 2005",View...,879,498983
14-Apr-1949,20,"The West Godavari District (Assimilation of Laws on Federal Subjects) Act, 1949",View...,880,949048
9-May-2014,17,"The Whistle Blowers Protection Act, 2014",View...,881,0
7-Mar-1913,5,"The White Phosphorus Matches Prohibition Act, 1913",View...,882,784050
9-Sep-1972,53,"The Wild Life (Protection) Act, 1972",View...,883,1781078
30-Dec-1956,105,"The Women s and Children s Institutions (Licensing) Act, 1956",View...,884,0
16-Sep-1958,29,"The Working Journalists (Fixation of Rates of Wages) Act, 1958",View...,885,761414
20-Dec-1955,45,"The Working Journalists and other Newspaper Employees (Conditions of Service) and Miscellaneous Provisions Act, 1955",View...,886,104235611
20-Mar-1903,7,"The Works of Defence Act, 1903",View...,887,1017644
